,Address
0,Mumbai
1,Delhi
2,Bangalore
3,Hyderabad
4,Ahmedabad
5,Jaipur
6,Delhi
7,Bangalore
8,Jaipur
9,Kolkata
10,Jaipur
11,Jaipur
12,Kolkata
13,Hyderabad
14,Mumbai
15,Chennai
16,Ahmedabad
17,Ahmedabad
18,Hyderabad
19,Ahmedabad
20,Chennai
21,Mumbai
22,Kolkata
23,Chennai
24,Bangalore
25,Kolkata
26,Jaipur
27,Bangalore
28,Jaipur
29,Jaipur
30,Mumbai
31,Bangalore
32,Delhi
33,Hyderabad
34,Kolkata
35,Pune
36,Chennai
37,Bangalore
38,Surat
39,Mumbai
40,Surat
41,Surat
42,Mumbai
43,Jaipur
44,Bangalore
45,Surat
46,Hyderabad
47,Kolkata
48,Hyderabad
49,Kolkata
50,Chennai
51,Surat
52,Jaipur
53,Kolkata
54,Delhi
