,Gender
0,Female
1,Male
2,Female
3,Female
4,Female
5,Female
6,Male
7,Male
8,Male
9,Female
10,Male
11,Male
12,Male
13,Male
14,Female
15,Female
16,Female
17,Male
18,Male
19,Female
20,Female
21,Female
22,Female
23,Male
24,Female
25,Male
26,Female
27,Male
28,Female
29,Male
30,Male
31,Female
32,Female
33,Female
34,Male
35,Male
36,Female
37,Female
38,Male
39,Female
40,Male
41,Female
42,Female
43,Female
44,Female
45,Male
46,Female
47,Female
48,Female
49,Male
50,Female
51,Female
52,Male
53,Female
54,Male
